lead_id,company,contact,email
Ph-L-0,"Ryan, Garza and Waller",Sandra Parker,garciasamuel@yahoo.com
Ph-L-1,"Brown, Thomas and James",Jennifer Stone,nathan11@navarro.org
Ph-L-2,"Miller, Monroe and Powers",Timothy Wilson,karen25@clark-clark.org
Ph-L-3,Delgado LLC,Melissa Freeman,mtorres@baker-grant.com
Ph-L-4,"Carey, Maxwell and Wall",David Gonzalez,willislindsey@johnson.com
Ph-L-5,Schaefer-Conner,Jessica Warren,pgoodwin@yahoo.com
Ph-L-6,Everett PLC,Jessica Thomas,jennifer72@wagner.info
Ph-L-7,"Ibarra, Newton and Hoffman",Matthew Bryant DDS,simmonsmarco@hotmail.com
Ph-L-8,"Clark, Allen and Henry",Keith Mason,websterdanielle@miller.org
Ph-L-9,"Henry, Reed and Morgan",John Armstrong,donna77@hotmail.com
Ph-L-10,"Fischer, Fuller and Taylor",Mrs. Kimberly Harvey,justinbell@yahoo.com
Ph-L-11,"Kelly, Scott and Cruz",Jean Swanson,beckersara@mckenzie.org
Ph-L-12,Rodriguez-Kennedy,Heather Perez,thomasjames@hotmail.com
Ph-L-13,Jackson-Jones,Lori Gonzalez,eric30@hotmail.com
Ph-L-14,Jones-Smith,April Fowler,kshelton@yahoo.com
Ph-L-15,"Neal, Watkins and Johnson",Sharon Dickerson,hillmichael@gomez.org
Ph-L-16,Johnson-Randolph,Lori Obrien,westmichael@gmail.com
Ph-L-17,Miller-Franklin,Vincent Mccormick,tracy39@hotmail.com
Ph-L-18,Webb-Stone,Amanda Craig,gbutler@hotmail.com
Ph-L-19,Mccann-Sullivan,Nicholas Baker,rwerner@hogan.org
Ph-L-20,Arnold-Oconnor,Daniel Smith,kennethhernandez@gmail.com
Ph-L-21,Wright-Tucker,Andrea Ferguson,paceamy@stephens.info
Ph-L-22,Crawford Ltd,Elizabeth Holmes,kylegregory@schaefer.com
Ph-L-23,Brown-Rivera,Scott Boyle,mejiadeborah@gmail.com
Ph-L-24,Burton-Black,David Green,irice@yahoo.com
Ph-L-25,"Cortez, Brewer and Galvan",Ethan Stevens,shannon15@yahoo.com
Ph-L-26,Smith Group,Dr. Wesley Fitzpatrick,rachelwilliams@watson-carpenter.org
Ph-L-27,Hamilton-Harrison,Kathleen Cook,theresawright@yahoo.com
Ph-L-28,Payne Inc,Matthew Bailey,samantha43@yahoo.com
Ph-L-29,Blanchard PLC,Aaron Price,anngreer@schmidt.org
Ph-L-30,Grant-Castillo,Robert Sanchez,dawsonderrick@hotmail.com
Ph-L-31,"Dean, Wright and Fitzgerald",Crystal May,stephenlee@powell.net
Ph-L-32,Hill LLC,Samantha Francis,rprice@hotmail.com
Ph-L-33,Bell LLC,Erin Martinez,unelson@martin.net
Ph-L-34,"Khan, Savage and Morgan",Carla Adkins,jacksonwillie@newton.com
Ph-L-35,Edwards Inc,Shane Donovan,trevinojimmy@gmail.com
Ph-L-36,Contreras Ltd,Frederick Osborn,adavis@johnson-elliott.com
Ph-L-37,Myers LLC,Ryan Glover,tduffy@jones.com
Ph-L-38,Perkins-Hayes,Jennifer Chaney DDS,vgarcia@hotmail.com
Ph-L-39,Walsh-Gray,Erica Reese,crystalfrazier@alvarado.com
Ph-L-40,"Colon, Norton and Haynes",Karen Johnston,elizabethstephenson@gmail.com
Ph-L-41,Francis-Taylor,Debra Medina,tonya45@richmond-owens.com
Ph-L-42,Lewis Inc,Monica Blake,samantharyan@long.com
Ph-L-43,Anderson-Guzman,James Marshall,laurenlutz@petersen-cisneros.info
Ph-L-44,Cook-Moore,Paul Romero III,hendersonkara@hickman-hubbard.com
Ph-L-45,"Mercado, Mitchell and Herring",Heather Golden,sonia45@hotmail.com
Ph-L-46,Bates Group,Ronald Ward,sandrakeith@howard.com
Ph-L-47,Molina Ltd,Amber Drake,pgriffin@hotmail.com
Ph-L-48,Miller Group,Jimmy Williams,julie25@hotmail.com
Ph-L-49,Bishop Inc,Jared Anderson,reynoldsjennifer@hotmail.com
Ph-L-50,Eaton PLC,Catherine King,schwartzcole@yahoo.com
Ph-L-51,Stone Ltd,Timothy Morales,iaustin@hotmail.com
Ph-L-52,Pace-Jones,Anthony Stewart,ibrown@gutierrez.com
Ph-L-53,Joseph Group,Jonathan Fitzgerald,jay42@yahoo.com
Ph-L-54,Wise LLC,Jessica Thompson MD,qhunter@yahoo.com
Ph-L-55,"Lloyd, Reeves and Willis",Jason Dawson,ijuarez@yahoo.com
Ph-L-56,Young Inc,Mario Cook,jmartinez@gmail.com
Ph-L-57,Simpson PLC,David Cline,lynndavid@williamson.com
Ph-L-58,Powell Ltd,Kathleen Conway,kyleguzman@lynn.com
Ph-L-59,Peterson LLC,James Garcia,allenchristina@yahoo.com
Ph-L-60,"Gonzalez, Manning and Richardson",Darrell Woods,jonesjennifer@johnston.org
Ph-L-61,Jenkins-Parker,Marisa Blake,hsparks@davis.com
Ph-L-62,Brown and Sons,Lauren Howard,nvilla@gmail.com
Ph-L-63,Fields and Sons,Bailey Marquez,david54@yahoo.com
Ph-L-64,"King, Sutton and Allen",Daniel West,kirbyelizabeth@parker.biz
Ph-L-65,Mcdaniel Ltd,Belinda Strong,eugene40@hall.com
Ph-L-66,Burns Inc,Christopher Edwards,curtis55@gmail.com
Ph-L-67,"Palmer, Brown and Dyer",Chad Jones,martinezrobert@hotmail.com
Ph-L-68,Hansen-Price,Katherine Cooper,kimberly44@webb.com
Ph-L-69,Jacobs-Burton,Eric Fleming,everettkaren@humphrey.com
Ph-L-70,Mills Group,Gary Jackson,heathpatrick@shields.com
Ph-L-71,Oneal-Williams,Carrie Williams,shaun12@gmail.com
Ph-L-72,Zamora-Murphy,Megan Terry,david70@chandler-wilson.com
Ph-L-73,Clark PLC,Charles Hansen,jack38@reynolds.net
Ph-L-74,Horn LLC,Sarah Russell,lunabrian@zuniga.info
Ph-L-75,Hardy-Henry,Francisco Robinson,christina62@gmail.com
Ph-L-76,Porter-Montes,Marc Petty,youngedward@yahoo.com
Ph-L-77,"Baker, Hammond and Sanders",Jimmy Mathews,uferguson@ramos.com
Ph-L-78,"Smith, Mccarthy and Sullivan",Nancy Lopez,eric25@hotmail.com
Ph-L-79,Powell-Hayes,Jennifer Hubbard,russell64@hotmail.com
Ph-L-80,Grimes Ltd,David Morris,tonycamacho@bradley.biz
Ph-L-81,"Solomon, Jackson and Wells",Mark Gomez,jason25@austin-jordan.com
Ph-L-82,Pruitt Ltd,David Kennedy,cody63@wise-davenport.com
Ph-L-83,"Martin, Payne and Curtis",Bill Guerrero,roberto86@hotmail.com
Ph-L-84,Fowler-Russell,Kathryn Ford,obrooks@hotmail.com
Ph-L-85,Edwards LLC,Anthony Espinoza,hansenamanda@gonzales-christian.com
Ph-L-86,Bennett-Quinn,Sherri Garcia,johnnywelch@carter-ponce.biz
Ph-L-87,"Foster, Herman and Mills",David Hayes,barnespatrick@wilson.com
Ph-L-88,"Patterson, Williams and Liu",Desiree Morrow,donnasteele@taylor.com
Ph-L-89,"Buck, Sullivan and Nelson",Katherine Hall,nancysmith@parker.com
Ph-L-90,Crosby-Murray,Andrea Davidson,dawnlane@rodriguez-mathis.biz
Ph-L-91,"Allen, Foster and Cowan",Patricia Smith,victoriawilson@johnston.com
Ph-L-92,Tanner LLC,Stephanie Turner,kellyperez@costa.com
Ph-L-93,"Velasquez, Hughes and Lawrence",Francisco Montgomery,micheleroberts@hotmail.com
Ph-L-94,Peterson-Christian,Gregory Green,erin48@perry.info
Ph-L-95,Ward LLC,Kathleen Perry,reedian@hotmail.com
Ph-L-96,"Thomas, Smith and Fitzpatrick",Cynthia Baker,mcphersonamanda@morrison.org
Ph-L-97,King PLC,Jamie Lucas,scottalvarado@gmail.com
Ph-L-98,"Roth, Davidson and Reynolds",Casey Dixon,walterskevin@hotmail.com
Ph-L-99,Green-Parsons,Stephanie Frank,shane61@martinez-medina.biz
